GA1	-	GA.2.2	Population two years ago (compound growth)
GA2	-	GA.2.2	Algebra: p²/q² + q²/p²
GA3	-	GA.4.1	Squares to add for line symmetry
GA4	-	GA.1.2	Analogy (nostalgia : anticipation)
GA5	-	GA.1.1	Grammatically correct sentences
GA6	-	GA.3.1	Statements and conclusions
GA7	-	GA.1.3	Deductions from passage
GA8	-	GA.2.3	Volume of cone from revolved triangle
GA9	-	GA.2.1	Bar chart: days with 10% more exercise
GA10	-	GA.2.3	Hexagon to triangle area ratio
1	-	EC.1.2.7	Line integral over circular arc
2	-	EC.1.3	Integrating factor (Bernoulli equation)
3	-	EC.1.6.1	Variance of linear transform of RV
4	-	EC.2.6.3	Nyquist rate of product of signals
5	-	EC.2.7.2	Linear vs circular convolution via DFT
6	-	EC.3.2.4	np product under steady illumination
7	-	EC.3.2.2	Built-in field from sloped band diagram
8	-	EC.4.2.3	Gain of NMOS with active load
9	-	EC.4.3.1	Op-amp with reference: find RF/RIN
10	-	EC.4.3.1	Condition for zero op-amp output
11	-	EC.5.1.1	Number bases from equal values
12	-	EC.5.2.8	AND gates for 32K memory decoder
13	-	EC.6.1.4	Transfer function from block diagram
14	-	EC.6.3.2	RHP closed-loop poles from Nyquist plot
15	-	EC.8.2.1	Reflection coefficient at dielectric interface
16	-	EC.1.1.3	x for linear dependence of vectors
17	-	EC.1.4.3	Constant for irrotational field
18	-	EC.2.1.1	Current in resistive bridge
19	-	EC.2.1.1	Node voltage with mixed sources
20	-	EC.5.4.3	8-bit DAC output voltage
21	-	EC.7.1.1	Average power from autocorrelation
22	-	EC.7.2.1	Power saved in SSB-SC vs AM
23	-	EC.7.3.4	Minimum bandwidth from channel capacity
24	-	EC.7.4.2	Delta modulation step size (slope overload)
25	-	EC.8.5.1	Critical propagation angle in fibre
26	-	EC.1.5.6	Contour integral by residues
27	-	EC.1.6.8	Coin draw conditional probability
28	-	EC.2.3	dv/dt at t=0+ after switching
29	-	EC.2.4.1	Y-parameters with dependent source
30	-	EC.3.3.4	Substrate doping from body-effect sensitivity
31	-	EC.5.3.7	Maximum propagation delay of logic circuit
32	-	EC.5.6.1	Stack PUSH/POP register contents
33	-	EC.6.6.1	Controllability and observability of RLC circuit
34	-	EC.7.4.10	Valid codeword of (7,4) Hamming code
35	-	EC.8.3.3	Stub and quarter-wave matching: find RL
36	-	EC.1.1.5	Repeated eigenvalue: find x
37	-	EC.1.4.4	Flux of field through cylinder
38	-	EC.2.3.2	Time for capacitor voltage to reach zero
39	-	EC.2.6.1	Average power from Fourier coefficients
40	-	EC.2.5.4	Output for different input (discrete LTI)
41	-	EC.2.7.1	DTFT product integral (Parseval-type)
42	-	EC.3.3.1	Reverse bias to fully deplete one side
43	-	EC.4.1.2	Diode clamper output swing
44	-	EC.3.3.5	Threshold voltage at edge of saturation
45	-	EC.4.3.3	Op-amp differentiator output at t=0+
46	-	EC.5.3.3	Shift register with XOR feedback: clock edges
47	-	EC.2.3.3	Max ammeter reading in RLC transient
48	-	EC.6.3.1	Max KI for stability with PI control
49	-	EC.7.2.2	Max instantaneous frequency of PM signal
50	-	EC.7.2.4	Image frequency of superheterodyne
51	-	EC.7.3.3	Information in conditional event (bits)
52	-	EC.7.4.1	Maximum SQNR of PCM
53	-	EC.7.4.6	MAP threshold for polar NRZ
54	-	EC.8.4.1	Phase velocity ratio in waveguide
55	-	EC.8.6	Field strength from antenna gain
